,DeepEC Binary,Prob,DeepEC 3digit,Prob,SAdLSA PDB ID,TMS Score,HHblits PDB ID,Prob
WP_011793178.1,Enzyme,0.9997447,EC number not predicted,N/A,2BSZ_A,0.5065,3ISR_B,80.16
WP_010937346.1,Enzyme,0.90424615,EC number not predicted,N/A,5C39_A,0.4911,6T15_i,50.12
WP_010937347.1,Non-enzyme,0.9983130097389221,EC number not predicted,N/A,3LAY_J,0.7672,3LAY_H,99.78
WP_010937351.1,Enzyme,0.9998839,EC number not predicted,N/A,4RWN_A,0.7320,2RFF_A,91.32
WP_010937375.1,Non-enzyme,0.9993314146995544,EC:3.2.1,0.6557429,6Z34_A,0.5192,3PGU_A,98.72
WP_010937376.1,Enzyme,0.9438852,EC number not predicted,N/A,3PGU_A,0.5747,3PGU_A,98.84
WP_010937378.1,Non-enzyme,0.9999998635170186,EC number not predicted,N/A,1KWA_A,0.3766,1C75_A,83.32
WP_010937444.1,Enzyme,0.98969364,EC:1.9.3,0.7918871,5CWO_B,0.4781,1QYS_A,85.21
WP_010937447.1,Enzyme,0.53278345,EC number not predicted,N/A,5GHA_F,0.8500,4HRS_A,99.51
WP_010937457.1,Enzyme,0.99925923,EC number not predicted,N/A,5AXG_A,0.5836,3W1E_A,93.00
WP_010937461.1,Enzyme,0.99971604,EC number not predicted,N/A,2LD3_A,0.4782,4LA9_A,33.44
WP_010937464.1,Non-enzyme,0.9532768428325653,EC:3.5.1,0.9999224,6PAS_B,0.6452,3EUJ_B,20.14
WP_164561858.1,Non-enzyme,0.9928710758686066,EC:3.2.1,0.7125064,4V9F_6,0.2676,5XTC_g,10.62
WP_010937503.1,Non-enzyme,0.8612973392009735,EC number not predicted,N/A,6R6H_O,0.4617,6HN7_B,97.14
WP_164928112.1,Non-enzyme,0.9993493258953094,EC:3.1.26,0.99724126,6R3E_B,0.6623,4MCT_D,31.52
WP_164928140.1,Non-enzyme,0.9994674921035767,EC number not predicted,N/A,3AEI_B,0.5616,2L6R_A,97.37
WP_010937511.1,Non-enzyme,0.999948044984194,EC:5.2.1,1.0,6XTY_B,0.4526,5GHR_B,90.76
WP_164928113.1,Enzyme,0.96186435,EC number not predicted,N/A,6V3Z_B,0.8504,6V40_A,100.00
WP_010937516.1,Non-enzyme,0.8165958225727081,EC number not predicted,N/A,2IOP_A,0.5461,2FGG_A,19.17
WP_010937517.1,Non-enzyme,0.8786267042160034,EC number not predicted,N/A,2KX4_A,0.8451,1K0H_A,99.65
WP_010937518.1,Non-enzyme,0.9998659789562225,EC:2.4.2,0.9913894,3FZ2_J,0.6674,3FZ2_J,99.73
WP_164928114.1,Non-enzyme,0.9904761016368866,EC number not predicted,N/A,6V8I_AF,0.4880,6V8I_AF,98.19
WP_010937532.1,Non-enzyme,0.9811501502990723,EC number not predicted,N/A,5LOE_A,0.5093,6AZ6_A,58.29
WP_010937534.1,Non-enzyme,0.9783464968204498,EC number not predicted,N/A,6G1N_D,0.9283,4P7D_B,99.91
WP_164928115.1,Non-enzyme,0.9999826864095667,EC number not predicted,N/A,2D9K_A,0.7856,1M36_A,76.69
WP_164928116.1,Enzyme,0.99903,EC number not predicted,N/A,4GW9_A,0.5037,3GMX_B,96.05
WP_164928119.1,Non-enzyme,0.6761061251163483,EC number not predicted,N/A,6BVA_E,0.5040,4EYY_R,64.11
WP_164928120.1,Non-enzyme,0.9997161626815796,EC number not predicted,N/A,2L0K_A,0.4920,6V0M_B,43.27
WP_164928121.1,Non-enzyme,0.9973120391368866,EC number not predicted,N/A,6LUI_A,0.5153,1SVD_M,60.46
WP_010937544.1,Non-enzyme,0.9998010993003845,EC number not predicted,N/A,6VA5_A,0.5184,2CO3_B,42.63
WP_010937545.1,Non-enzyme,0.6450150609016418,EC number not predicted,N/A,1FLK_B,0.3749,1SPW_A,83.35
WP_010937548.1,Non-enzyme,0.9985694885253906,EC number not predicted,N/A,5U0P_R,0.4733,3JTZ_A,37.86
WP_010937551.1,Non-enzyme,0.8799826204776764,EC number not predicted,N/A,1O13_A,0.7573,2QTD_A,99.83
WP_014524200.1,Enzyme,0.99604964,EC:4.2.1,0.5520668,6TNY_A,0.3066,1UOY_A,20.35
WP_010937554.1,Non-enzyme,0.9844972491264343,EC:3.6.1,0.85990715,3UB6_A,0.5660,2F93_B,97.33
WP_010937559.1,Non-enzyme,0.9309108555316925,EC:2.3.1,0.9626619,6W6L_6,0.7007,5C8J_L,99.65
WP_010937564.1,Non-enzyme,0.9999334582244046,EC:5.2.1,0.98763645,1PWB_B,0.4313,6T1W_D,59.57
WP_010937571.1,Enzyme,0.99513185,EC number not predicted,N/A,1EF1_B,0.5051,6VMI_m,13.04
WP_010937574.1,Enzyme,0.9995687,EC:2.3.1,0.7847816,3IR7_C,0.7689,3EGW_C,99.88
WP_010937575.1,Enzyme,0.9993317,EC:3.5.5,0.8212007,2YMU_B,0.7034,5I2T_A,100.00
WP_010937583.1,Enzyme,0.9996752,EC number not predicted,N/A,4OC8_B,0.6952,3DNX_A,96.57
WP_014524207.1,Non-enzyme,0.9871202111244202,EC:1.8.98,0.7982012,5CW7_B,0.5049,4AYB_P,74.58
WP_010937610.1,Enzyme,0.85507715,EC number not predicted,N/A,6P7Z_A,0.8400,2PZI_B,99.01
WP_010937613.1,Non-enzyme,0.9994639456272125,EC:2.4.2,0.58117366,4F3V_A,0.6340,4EQF_A,99.72
WP_010937627.1,Non-enzyme,0.9999959148831294,EC:2.7.4,0.5269996,6DLC_A,0.4401,1ZVB_C,42.91
WP_010937644.1,Enzyme,0.99584866,EC number not predicted,N/A,3L7I_A,0.5683,4HWG_A,99.18
WP_014524219.1,Enzyme,0.999005,EC number not predicted,N/A,3Q3E_A,0.5950,6MGC_A,99.01
WP_014524220.1,Non-enzyme,0.9998748898506165,EC:5.1.99,0.84994274,4MKM_A,0.4138,5WEC_B,99.77
WP_010937679.1,Enzyme,0.85132086,EC number not predicted,N/A,1KI1_D,0.4431,3AJF_A,36.24
WP_010937683.1,Non-enzyme,0.9908618628978729,EC:2.7.7,0.9988963,3HD5_B,0.8057,3KTB_A,99.39
WP_010937690.1,Non-enzyme,0.9992058277130127,EC:1.11.1,0.94201016,6ADQ_O,0.5656,5N1T_B,98.76
WP_014524228.1,Enzyme,0.9999436,EC number not predicted,N/A,3C0U_B,0.6503,3C0U_A,100.00
WP_010937706.1,Enzyme,0.9653083,EC number not predicted,N/A,6O60_A,0.5067,3BEE_B,84.42
WP_010937707.1,Enzyme,0.9944792,EC:2.7.7,0.5998033,5HR4_J,0.6838,3H1T_A,99.29
WP_011792913.1,Non-enzyme,0.9985257089138031,EC number not predicted,N/A,3REB_D,0.4702,2KZK_A,59.98
WP_010937716.1,Non-enzyme,0.999647706747055,EC:5.4.99,0.5334102,5KP0_A,0.8632,5KP0_A,99.76
WP_010937717.1,Non-enzyme,0.963645726442337,EC:2.4.2,0.8486623,4HWI_B,0.5860,3CWI_A,93.02
WP_010937727.1,Non-enzyme,0.9999982666925007,EC number not predicted,N/A,1V4A_A,0.6388,1OFU_Y,43.33
WP_010937746.1,Enzyme,0.8355933,EC number not predicted,N/A,1MWQ_A,0.8035,1MWQ_A,99.67
WP_014524242.1,Enzyme,0.99958766,EC number not predicted,N/A,2DJN_A,0.7128,5VID_G,75.92
WP_010937762.1,Enzyme,0.9957539,EC number not predicted,N/A,3CQJ_A,0.8879,3WQO_B,99.95
WP_010937793.1,Enzyme,0.9925729,EC number not predicted,N/A,4CGY_A,0.5518,3WWN_B,86.23
WP_150103613.1,Non-enzyme,0.923143595457077,EC:1.15.1,0.5625161,3MEM_A,0.6557,2M3A_A,38.84
WP_010937802.1,Enzyme,0.9881586,EC number not predicted,N/A,6VDE_B,0.8235,1BGX_T,100.00
WP_010937803.1,Non-enzyme,0.9657866954803467,EC number not predicted,N/A,2FM8_A,0.3875,6KMW_bC,43.51
WP_164561746.1,Enzyme,0.98683614,EC number not predicted,N/A,3PO2_H,0.4549,5LBJ_A,8.90
WP_010937807.1,Enzyme,0.947278,EC number not predicted,N/A,6D6V_D,0.5649,2A8V_B,18.53
WP_014524246.1,Non-enzyme,0.9945999383926392,EC number not predicted,N/A,5EIU_D,0.4662,5X6O_G,67.80
WP_010937830.1,Enzyme,0.999367,EC:2.7.7,0.99740577,4Q0H_A,0.5396,2HC5_A,90.67
WP_010937838.1,Non-enzyme,0.9984484612941742,EC number not predicted,N/A,3IR7_C,0.7333,1Q16_C,99.77
WP_010937839.1,Non-enzyme,0.7847429513931274,EC number not predicted,N/A,2YY0_D,0.3614,2RDD_B,79.97
WP_010937889.1,Non-enzyme,0.999965421808156,EC number not predicted,N/A,2KX2_A,0.3187,5FUJ_B,6.61
WP_011792814.1,Non-enzyme,0.9941168129444122,EC number not predicted,N/A,2OFG_X,0.6825,1YJT_A,98.24
WP_010937898.1,Enzyme,0.99987566,EC number not predicted,N/A,1L1S_A,0.9142,1L1S_A,99.88
WP_010937906.1,Enzyme,0.5854602,EC number not predicted,N/A,3QVD_C,0.6084,4V4N_Ag,98.34
WP_010937917.1,Non-enzyme,0.6217396259307861,EC:3.6.1,1.0,6I52_B,0.7585,4HSP_A,91.28
WP_010937919.1,Non-enzyme,0.9993534982204437,EC number not predicted,N/A,3KDF_B,0.6069,1NNX_A,95.56
WP_010937920.1,Non-enzyme,0.964991956949234,EC:2.3.1,0.8302641,2K5V_A,0.7476,4HSP_A,90.54
WP_010937937.1,Enzyme,0.9951223,EC:2.8.1,0.9939395,6FSF_A,0.3760,4ID8_A,19.01
WP_010937941.1,Non-enzyme,0.9779172837734222,EC number not predicted,N/A,4W8P_A,0.4517,5O6V_D,27.16
WP_010937954.1,Enzyme,0.9871272,EC:1.6.5,0.9862139,5L26_C,0.5830,5L26_C,94.74
WP_010937959.1,Non-enzyme,0.9999534647649853,EC:2.7.7,0.84530675,2HF1_B,0.7022,2JNY_A,99.41
WP_010937972.1,Enzyme,0.99940497,EC:1.1.1,0.74270356,5H18_A,0.8321,5GVW_D,99.80
WP_010937991.1,Non-enzyme,0.9803325831890106,EC:1.6.5,0.9999534,5ANP_A,0.7980,5ANP_A,99.84
WP_010938012.1,Enzyme,0.9993661,EC number not predicted,N/A,6P0E_A,0.8123,6IMJ_A,95.79
WP_010938030.1,Enzyme,0.99534476,EC:2.1.1,0.9998901,4OPX_F,0.4137,3JBN_1,8.65
WP_010938032.1,Enzyme,0.9973559,EC number not predicted,N/A,3TQI_A,0.5280,1T0B_E,98.53
WP_010938042.1,Non-enzyme,0.9411012530326843,EC:3.6.4,0.89577734,4N4R_D,0.6076,2KO2_A,65.34
WP_011792721.1,Enzyme,0.739029,EC:4.1.2,0.7195759,4G9I_F,0.6998,2LXF_A,84.41
WP_010938073.1,Non-enzyme,0.9608344733715057,EC number not predicted,N/A,4DOK_B,0.4897,6A7V_U,64.39
WP_010938074.1,Enzyme,0.84796643,EC number not predicted,N/A,2CPN_A,0.5048,5XM8_C,46.58
WP_010938088.1,Non-enzyme,0.7471744418144226,EC:1.6.5,0.99891883,6FNP_A,0.7201,6FNP_A,42.02
WP_010938093.1,Non-enzyme,0.9996356070041656,EC number not predicted,N/A,2DIQ_A,0.6333,1NME_A,13.16
WP_010938106.1,Non-enzyme,0.9999916663782642,EC:3.1.26,0.62758005,3MLF_B,0.6793,2K9Q_A,97.01
WP_010938118.1,Non-enzyme,0.5513986945152283,EC number not predicted,N/A,6ZY2_A,0.8301,6XBD_E,99.61
WP_010938119.1,Non-enzyme,0.9901203811168671,EC number not predicted,N/A,7BTP_B,0.5086,3GJY_A,99.46
WP_010938122.1,Enzyme,0.992303,EC number not predicted,N/A,2MII_A,0.6507,2MII_A,99.19
WP_014524278.1,Non-enzyme,0.9874549508094788,EC number not predicted,N/A,4F54_A,0.4599,3ZBI_L,93.33
WP_010938143.1,Non-enzyme,0.9987950325012207,EC number not predicted,N/A,2IC6_B,0.7450,4G1A_C,89.59
WP_010938151.1,Non-enzyme,0.9990795850753784,EC number not predicted,N/A,7JU4_A,0.4952,6GAP_A,92.47
WP_011792671.1,Non-enzyme,0.9856209456920624,EC:3.5.4,0.99610204,6IUH_B,0.7392,6U42_5S,53.98
WP_014524282.1,Non-enzyme,0.9997676312923431,EC:3.4.23,0.99984217,4YFK_L,0.3716,3WWN_B,97.11
WP_010940669.1,Non-enzyme,0.938564658164978,EC number not predicted,N/A,6FXY_A,0.5133,5HEA_B,98.98
WP_011792655.1,Non-enzyme,0.8308750987052917,EC number not predicted,N/A,2YT9_A,0.6087,1VD4_A,92.81
WP_010938181.1,Non-enzyme,0.9849584996700287,EC number not predicted,N/A,3JC8_Nj,0.6151,6ITH_A,39.29
WP_014524284.1,Non-enzyme,0.9313507676124573,EC number not predicted,N/A,4OGR_H,0.3206,3HR4_A,7.90
WP_010938206.1,Enzyme,0.9908414,EC:2.1.1,1.0,6ELZ_w,0.4076,6DUB_A,98.79
WP_011792639.1,Non-enzyme,0.9995343387126923,EC number not predicted,N/A,3KXA_D,0.5636,5ZFR_C,93.73
WP_150103627.1,Non-enzyme,0.9999990524477766,EC number not predicted,N/A,5ZWN_X,0.4191,2YVY_A,93.93
WP_164561638.1,Non-enzyme,0.9979820847511292,EC:1.6.5,0.67707175,5HUZ_B,0.3801,6ITH_A,84.64
WP_014524293.1,Non-enzyme,0.9999089975899551,EC:1.8.98,0.8261174,6NY2_Y,0.4228,3WWN_B,74.44
WP_010938236.1,Enzyme,0.9630699,EC:3.1.26,0.9367163,1X1F_A,0.5374,1IW4_A,19.78
WP_010938238.1,Enzyme,0.9996213,EC number not predicted,N/A,4LUH_A,0.5546,6YSF_F,97.70
WP_010938240.1,Enzyme,0.9996777,EC:3.4.24,0.7421727,2FGE_A,0.9667,3S5M_A,100.00
WP_010938243.1,Non-enzyme,0.9857940077781677,EC number not predicted,N/A,5WDA_X,0.6388,6XQN_H,56.31
WP_011792616.1,Non-enzyme,0.9491373896598816,EC number not predicted,N/A,5N2K_F,0.5844,6NFR_A,98.09
WP_010938264.1,Non-enzyme,0.9881964027881622,EC:2.7.7,0.9945015,5XYI_b,0.6974,6AZ1_c,99.63
WP_014524297.1,Enzyme,0.88496846,EC:1.11.1,0.5232411,4IYK_A,0.5011,5D0O_E,88.89
WP_010938273.1,Enzyme,0.57409006,EC number not predicted,N/A,1O7L_B,0.5355,2K29_B,42.13
WP_164928124.1,Non-enzyme,0.9996912479400635,EC:1.8.4,0.99999726,2F42_A,0.5576,6NY2_Y,97.43
WP_011792600.1,Non-enzyme,0.9802224338054657,EC number not predicted,N/A,2BZB_B,0.4492,6A69_B,60.13
WP_010938292.1,Non-enzyme,0.9945626258850098,EC number not predicted,N/A,6CB1_I,0.4636,3ZBI_L,74.80
WP_014524301.1,Enzyme,0.99921066,EC number not predicted,N/A,3OHG_A,0.7163,3OHG_A,99.94
WP_010938304.1,Non-enzyme,0.8822086155414581,EC number not predicted,N/A,6F1U_f,0.4682,3PE5_A,31.13
WP_011792587.1,Enzyme,0.99832773,EC number not predicted,N/A,2QGU_A,0.5554,5UWB_B,95.28
WP_010938308.1,Non-enzyme,0.8258119523525238,EC number not predicted,N/A,6ERD_C,0.5747,2R1I_A,98.64
WP_010938318.1,Enzyme,0.9864495,EC:2.4.1,0.9990424,3KD4_A,0.4452,4U65_F,99.87
WP_010938326.1,Non-enzyme,0.8714131712913513,EC:3.4.21,0.99435043,7D68_R,0.4808,4JRZ_A,50.49
WP_010938331.1,Non-enzyme,0.9999987500228826,EC number not predicted,N/A,1X91_A,0.5245,5MGP_w,53.61
WP_010938333.1,Enzyme,0.9787799,EC:2.5.1,0.9999735,6QL4_B,0.4512,3C0T_B,40.25
WP_010938370.1,Non-enzyme,0.9997313320636749,EC:1.8.98,0.8645309,4JAV_A,0.4585,6O58_A,50.79
WP_010938371.1,Enzyme,0.99170434,EC number not predicted,N/A,6EZN_H,0.5047,6NFR_A,97.58
WP_010938372.1,Non-enzyme,0.9980380237102509,EC number not predicted,N/A,3W1E_A,0.4636,2MII_A,98.49
WP_010938400.1,Enzyme,0.99964154,EC number not predicted,N/A,5IV5_EA,0.7801,6U5B_0,99.86
WP_010938404.1,Enzyme,0.9999783,EC:3.1.1,0.7230925,3D37_A,0.8733,6U5H_B,99.87
WP_010938405.1,Non-enzyme,0.9770603775978088,EC:3.1.26,0.97897923,6RAO_G,0.7104,6J0N_f,86.66
WP_010938407.1,Non-enzyme,0.9842474162578583,EC number not predicted,N/A,3FGX_A,0.7605,3FGX_A,99.90
WP_010938409.1,Non-enzyme,0.9999936069525575,EC number not predicted,N/A,6GKX_A,0.8070,6GKX_A,99.45
WP_010938411.1,Non-enzyme,0.7810756266117096,EC:3.6.1,0.51390976,2CBL_A,0.3981,2LFC_A,36.36
WP_010938412.1,Enzyme,0.99958956,EC number not predicted,N/A,2GJV_E,0.6468,2QKL_B,39.05
WP_010938416.1,Non-enzyme,0.9971467852592468,EC number not predicted,N/A,1TD4_A,0.8445,1TD4_A,99.78
WP_010938417.1,Non-enzyme,0.9976805746555328,EC:2.3.2,0.77772367,6U5Z_B,0.4201,4P3H_A,44.30
WP_010938420.1,Non-enzyme,0.9939442574977875,EC number not predicted,N/A,3E9I_C,0.5092,3F1Z_A,99.72
WP_010938421.1,Enzyme,0.9155554,EC number not predicted,N/A,3EZK_E,0.8076,3EZK_B,100.00
WP_014524317.1,Enzyme,0.97351664,EC number not predicted,N/A,4Y66_C,0.5669,2RN7_A,97.82
WP_010938423.1,Non-enzyme,0.9962000250816345,EC number not predicted,N/A,6NRC_4,0.8210,6JFV_C,58.05
WP_010938424.1,Non-enzyme,0.9952377676963806,EC:6.3.2,0.55954707,5L0F_A,0.4423,4YUU_y2,58.77
WP_010938426.1,Non-enzyme,0.9998758137226105,EC number not predicted,N/A,2B9C_A,0.3897,4Q4G_X,13.59
WP_010938430.1,Non-enzyme,0.9934363067150116,EC number not predicted,N/A,5Y6A_B,0.6159,5J2Y_A,98.14
WP_010938432.1,Non-enzyme,0.9957536160945892,EC number not predicted,N/A,6R3E_B,0.6033,2OBK_F,23.39
WP_010938434.1,Non-enzyme,0.6814754605293274,EC:3.1.26,0.9995986,1YXB_G,0.4911,5VID_F,81.26
WP_010938436.1,Non-enzyme,0.5218020081520081,EC:3.6.1,0.51382375,1UKL_E,0.6812,4TX5_A,32.96
WP_010938437.1,Enzyme,0.99685675,EC:3.1.21,0.81206834,2XUB_A,0.7260,6TUT_P,98.31
WP_014524319.1,Non-enzyme,0.933366596698761,EC number not predicted,N/A,6PPS_B,0.4147,5CFF_C,32.76
WP_010938442.1,Non-enzyme,0.9444528520107269,EC number not predicted,N/A,2XSD_C,0.5980,2K9Q_A,91.80
WP_010938446.1,Enzyme,0.9998981,EC:1.11.1,0.6005742,5V8D_A,0.8081,5V8D_C,100.00
WP_164561555.1,Non-enzyme,0.975161075592041,EC number not predicted,N/A,1RUT_X,0.5192,6TH6_Az,94.88
WP_010938459.1,Non-enzyme,0.9999999989753762,EC number not predicted,N/A,3EBC_B,0.3437,4WT5_B,10.12
WP_014524322.1,Non-enzyme,0.9998616576194763,EC:1.9.3,0.9999751,1S05_A,0.4380,2MPN_B,19.21
WP_014524323.1,Non-enzyme,0.985212117433548,EC number not predicted,N/A,6QVH_A,0.4802,3HD7_B,15.21
WP_014524324.1,Enzyme,0.93026096,EC:2.7.7,0.7096306,5VNM_C,0.4299,4WWB_A,79.47
WP_010938471.1,Enzyme,0.9589024,EC:4.2.1,0.98780835,2Y3W_C,0.5595,2Z0L_F,81.00
WP_010938472.1,Non-enzyme,0.9993368089199066,EC number not predicted,N/A,4JLE_B,0.3883,6PMG_X,16.47
WP_010938473.1,Non-enzyme,0.847659707069397,EC number not predicted,N/A,1J6R_B,0.5542,6S3D_N,73.56
WP_014524325.1,Enzyme,0.99921143,EC number not predicted,N/A,4BKG_A,0.5620,3CWI_A,97.68
WP_150103628.1,Enzyme,0.99996233,EC:2.1.1,0.9999869,6K8N_C,0.4683,5KPE_A,11.80
WP_010938484.1,Non-enzyme,0.9992097020149231,EC number not predicted,N/A,3O70_A,0.3819,6MM4_A,50.11
WP_010938515.1,Enzyme,0.9975399,EC number not predicted,N/A,3UCQ_A,0.7408,1J0K_A,100.00
WP_010938517.1,Non-enzyme,0.9998733997344971,EC number not predicted,N/A,4F14_A,0.4260,5HPG_A,18.20
WP_010938518.1,Enzyme,0.83254623,EC number not predicted,N/A,5JZV_A,0.7532,2PT5_D,99.62
WP_010938521.1,Non-enzyme,0.9999591546948068,EC number not predicted,N/A,4JMI_A,0.5052,6HEL_B,14.17
WP_010938531.1,Enzyme,0.535523,EC number not predicted,N/A,3N0U_A,0.5667,3KNT_C,71.78
WP_010938547.1,Non-enzyme,0.9998928466593497,EC:2.7.11,0.910148,1NLW_A,0.5522,6VK0_D,30.31
WP_011792466.1,Non-enzyme,0.999614804983139,EC number not predicted,N/A,4AV2_U,0.6268,4WFW_A,98.83
WP_011792465.1,Non-enzyme,0.9990123212337494,EC number not predicted,N/A,3JC8_Oi,0.9165,3JC8_Oa,99.82
WP_014524340.1,Enzyme,0.99868345,EC number not predicted,N/A,3WQT_D,0.5976,3JC9_Ma,99.94
WP_014524341.1,Enzyme,0.9911534,EC number not predicted,N/A,4NV2_A,0.6918,4NV5_A,99.79
WP_010938596.1,Enzyme,0.6057023,EC number not predicted,N/A,5LUV_B,0.6219,6G1O_A,53.42
WP_010938633.1,Non-enzyme,0.9999999008406135,EC number not predicted,N/A,2MII_A,0.6294,2MII_A,98.97
WP_011792449.1,Non-enzyme,0.9990129768848419,EC number not predicted,N/A,2YRU_A,0.6411,2R5S_A,96.56
WP_164928125.1,Non-enzyme,0.999999605815816,EC number not predicted,N/A,2C0S_A,0.5931,3EC8_A,22.32
WP_010938650.1,Non-enzyme,0.9999824681835889,EC:3.6.1,0.55198437,3FB2_B,0.5042,5EU0_B,89.73
WP_010938657.1,Enzyme,0.8595792,EC number not predicted,N/A,5L26_C,0.6729,5L26_C,94.55
WP_011792423.1,Non-enzyme,0.9997924864292145,EC:2.1.1,1.0,2V0P_B,0.3990,4UZX_A,13.63
WP_010938665.1,Enzyme,0.9963367,EC:2.1.1,0.9504448,6XBW_G,0.4267,2HY6_E,16.36
WP_010938670.1,Non-enzyme,0.9994350373744965,EC number not predicted,N/A,1ZHC_A,0.8209,1ZHC_A,99.66
WP_010938676.1,Non-enzyme,0.9993537664413452,EC:2.7.7,0.9720851,4EAJ_A,0.5515,3D55_C,63.52
WP_011792418.1,Non-enzyme,0.9980662763118744,EC number not predicted,N/A,1S98_A,0.8364,1X0G_C,99.81
WP_010938685.1,Non-enzyme,0.9998631477355957,EC number not predicted,N/A,6DK7_F,0.3555,2OFI_A,34.21
WP_014524348.1,Enzyme,0.98083174,EC number not predicted,N/A,5FLV_M,0.3931,6LFA_B,54.85
WP_010938691.1,Non-enzyme,0.9921948313713074,EC number not predicted,N/A,6S7X_B,0.7486,6FOS_F,14.02
WP_014524445.1,Non-enzyme,0.9840863347053528,EC number not predicted,N/A,5NJ8_C,0.3190,6ONP_A,51.49
WP_014524444.1,Non-enzyme,0.9982456862926483,EC:1.6.5,0.87194735,5X62_B,0.5386,3JC8_Oa,88.46
WP_010938702.1,Non-enzyme,0.9999287935934262,EC number not predicted,N/A,6S7O_E,0.5118,5ZFR_C,96.67
WP_010938714.1,Non-enzyme,0.999920002228464,EC:2.1.1,0.7583064,4NBQ_B,0.4468,5D0O_E,57.39
WP_010938727.1,Non-enzyme,0.9949370324611664,EC number not predicted,N/A,3BY7_B,0.6948,3BY7_A,99.76
WP_010938748.1,Non-enzyme,0.9968413710594177,EC:2.3.2,0.99997807,4ILO_B,0.9418,5Y06_A,100.00
WP_010938751.1,Enzyme,0.8478222,EC number not predicted,N/A,1KMI_Z,0.6810,1KMI_Z,100.00
WP_010938753.1,Non-enzyme,0.5634036958217621,EC number not predicted,N/A,4LVL_A,0.6738,6JYU_A,31.97
WP_014524440.1,Non-enzyme,0.7838423252105713,EC:2.1.1,0.8736582,2AIN_A,0.5782,3P7X_C,47.25
WP_164928126.1,Non-enzyme,0.9917207062244415,EC number not predicted,N/A,3HK0_A,0.4765,4LG3_C,56.48
WP_010938771.1,Enzyme,0.9959574,EC:2.1.1,0.9922689,6GKY_A,0.7218,5DM0_A,99.08
WP_010938777.1,Non-enzyme,0.9782587587833405,EC:3.6.1,0.9729724,3F1I_H,0.4892,5KDO_G,10.47
WP_014524436.1,Enzyme,0.9978157,EC:3.2.1,0.99679303,6OV6_A,0.5724,6OV6_A,99.12
WP_010938780.1,Enzyme,0.999223,EC:4.2.1,0.9999236,4FDY_B,0.7560,3H41_A,99.70
WP_010938782.1,Non-enzyme,0.9999820096563781,EC number not predicted,N/A,6TEH_A,0.7985,6TEB_C,98.33
WP_010938785.1,Non-enzyme,0.6619441211223602,EC:3.6.1,0.8021287,2OB9_A,0.6415,5DMB_D,41.45
WP_010938786.1,Enzyme,0.9890791,EC number not predicted,N/A,5NGJ_B,0.6127,5NGJ_A,99.23
WP_010938791.1,Enzyme,0.84722424,EC number not predicted,N/A,6OLE_S,0.3811,4WPY_A,28.73
WP_010938798.1,Enzyme,0.7002548,EC number not predicted,N/A,2LD3_A,0.6959,3CI9_A,90.29
WP_010938799.1,Non-enzyme,0.9980591535568237,EC number not predicted,N/A,1L0M_A,0.4778,3BBZ_A,51.42
WP_010938800.1,Non-enzyme,0.9504897594451904,EC:3.1.3,0.941236,2ZBK_B,0.4215,2O8K_A,35.82
WP_010938802.1,Non-enzyme,0.9973781406879425,EC:2.1.1,0.99974334,6O60_A,0.6261,4CGV_D,98.99
WP_010938804.1,Non-enzyme,0.8817062973976135,EC number not predicted,N/A,3V9R_A,0.3509,6VW9_A,30.88
WP_010938805.1,Enzyme,0.8641362,EC number not predicted,N/A,1T0F_B,0.5653,1M0D_C,99.01
WP_014524431.1,Non-enzyme,0.9978463649749756,EC:2.7.7,0.94799626,1NO1_A,0.5805,1NO1_C,99.27
WP_041722649.1,Non-enzyme,0.991514265537262,EC number not predicted,N/A,1Y71_B,0.4128,2N8H_A,60.18
WP_014524429.1,Enzyme,0.5845397,EC number not predicted,N/A,2RJZ_A,0.6305,2IJQ_B,13.29
WP_010938812.1,Enzyme,0.99916846,EC number not predicted,N/A,6VKL_H,0.4997,6XY1_C,46.28
WP_014524426.1,Enzyme,0.76352006,EC:3.6.1,0.9975827,6NR9_2,0.6133,5JHI_A,14.83
WP_010938815.1,Enzyme,0.8295534,EC number not predicted,N/A,3LMM_D,0.4229,6M9K_D,54.08
WP_010938817.1,Enzyme,0.9995842,EC number not predicted,N/A,1W7P_D,0.4990,2JNE_A,98.42
WP_010938818.1,Non-enzyme,0.9984520673751831,EC number not predicted,N/A,2YUN_A,0.3135,1B35_D,9.35
WP_010938830.1,Enzyme,0.99890685,EC number not predicted,N/A,2P03_A,0.4588,6CO6_B,20.62
WP_010938833.1,Non-enzyme,0.9146933853626251,EC:3.1.21,0.8637737,6NOY_A,0.4843,6MZM_X,48.83
WP_010938834.1,Non-enzyme,0.9999992436573848,EC number not predicted,N/A,3UUL_A,0.4107,6G5I_z,59.26
WP_014524421.1,Enzyme,0.999354,EC number not predicted,N/A,NULL,NULL,NULL,NULL
WP_010938847.1,Enzyme,0.9994388,EC number not predicted,N/A,1H21_D,0.7704,1H21_D,99.87
WP_010938850.1,Enzyme,0.99910307,EC number not predicted,N/A,1H7X_B,0.5463,2VDC_H,99.94
WP_010938858.1,Non-enzyme,0.9927808344364166,EC:4.1.2,0.9009594,1QXF_A,0.6997,2JNY_A,98.44
WP_014524412.1,Non-enzyme,0.9981916844844818,EC:3.2.1,0.53810275,5LYE_A,0.5430,2L2O_A,33.30
WP_010938872.1,Enzyme,0.9979756,EC number not predicted,N/A,2NCA_A,0.5652,5J0K_A,74.04
WP_010938873.1,Enzyme,0.9991299,EC number not predicted,N/A,4Z48_B,0.6970,3WJT_A,99.71
WP_011792331.1,Enzyme,0.99990016,EC number not predicted,N/A,4HYN_B,0.4504,3A9F_A,59.63
WP_010938898.1,Enzyme,0.99986756,EC number not predicted,N/A,4FIX_A,0.8186,5HEA_B,99.88
WP_010938911.1,Non-enzyme,0.7963322103023529,EC number not predicted,N/A,6PLN_B,0.6005,6GMH_L,97.55
WP_010938912.1,Non-enzyme,0.9986689984798431,EC number not predicted,N/A,2KL4_A,0.6565,4OK9_A,78.54
WP_011792318.1,Non-enzyme,0.9906080663204193,EC number not predicted,N/A,2WJY_A,0.4859,6JIE_A,69.03
WP_011792315.1,Enzyme,0.99922204,EC:4.2.2,0.73215175,4UU4_A,0.7194,4UU4_A,99.72
WP_011792312.1,Enzyme,0.99932003,EC:1.6.5,0.99957085,6K1H_B,0.8880,6K1H_E,100.00
WP_010940650.1,Enzyme,0.53799784,EC:2.7.7,0.990566,1IRQ_B,0.5529,6SBW_A,98.28
WP_010938946.1,Non-enzyme,0.9991248548030853,EC number not predicted,N/A,1MMO_D,0.4331,2FQH_A,98.46
WP_010938950.1,Non-enzyme,0.986388623714447,EC:2.7.7,0.85384274,2DA5_A,0.6347,6UKA_B,85.23
WP_010938964.1,Non-enzyme,0.9999485569569515,EC number not predicted,N/A,4L58_A,0.6134,3WWN_B,90.95
WP_010938972.1,Enzyme,0.97881925,EC number not predicted,N/A,3BJC_A,0.5176,5WUJ_A,6.82
WP_010938981.1,Non-enzyme,0.9903877079486847,EC number not predicted,N/A,2RRL_A,0.5396,6SKG_Bo,58.06
WP_010938985.1,Non-enzyme,0.9965620636940002,EC number not predicted,N/A,3HNW_A,0.4599,1B9Y_B,33.03
WP_010938986.1,Non-enzyme,0.9960439503192902,EC number not predicted,N/A,6OV6_A,0.6207,6OV6_A,99.44
WP_150103622.1,Non-enzyme,0.9999624105257681,EC number not predicted,N/A,4Z7A_A,0.3032,3K6X_A,14.88
WP_164928129.1,Non-enzyme,0.9993860423564911,EC:4.6.1,0.7995459,2WVF_B,0.4442,1Z8Y_G,42.08
WP_014524401.1,Enzyme,0.9469469,EC:3.1.21,0.9910345,6RKW_B,0.4691,2VLD_A,89.77
WP_014524400.1,Enzyme,0.9923403,EC number not predicted,N/A,6UPV_M,0.5006,2LT3_A,14.45
WP_010939001.1,Enzyme,0.6258558,EC number not predicted,N/A,6TPI_A,0.4860,3ZUQ_A,29.91
WP_010939002.1,Enzyme,0.99877083,EC number not predicted,N/A,6R21_d,0.8475,6R21_f,100.00
WP_010939003.1,Enzyme,0.9997313,EC:4.1.1,0.6300843,6R21_Q,0.8152,5MU4_A,100.00
WP_010939004.1,Non-enzyme,0.8456883430480957,EC number not predicted,N/A,5K39_A,0.3165,6NHJ_e,3.90
WP_010939005.1,Non-enzyme,0.9597996473312378,EC number not predicted,N/A,3J4U_K,0.7633,3J4U_L,99.72
WP_010939006.1,Enzyme,0.99981546,EC number not predicted,N/A,3J4U_E,0.9142,3J4U_E,100.00
WP_010939007.1,Enzyme,0.93988407,EC number not predicted,N/A,5YIX_A,0.3660,5VMR_C,25.55
WP_010939008.1,Non-enzyme,0.9996068775653839,EC:2.7.4,0.87377024,2K9A_A,0.5596,2FTC_Q,31.49
WP_010939009.1,Enzyme,0.9872279,EC number not predicted,N/A,6QWP_F,0.8712,6QWP_C,100.00
WP_010939010.1,Non-enzyme,0.999999958731653,EC number not predicted,N/A,1RZ2_A,0.2949,6PX3_S,73.12
WP_010939011.1,Enzyme,0.9993869,EC number not predicted,N/A,3TCV_B,0.8369,6E1X_D,99.74
WP_010939012.1,Enzyme,0.99958,EC:2.3.1,0.9134934,3EZK_E,0.7717,3EZK_B,100.00
WP_010939013.1,Non-enzyme,0.9935531318187714,EC:3.1.26,0.9999549,4DZP_B,0.5990,4DYQ_B,99.55
WP_010939014.1,Enzyme,0.7119497,EC number not predicted,N/A,2QA7_C,0.6494,3CI9_A,91.67
WP_010939015.1,Non-enzyme,0.9948817789554596,EC:1.9.3,0.8382392,1L0M_A,0.4523,3BBZ_A,53.09
WP_010939016.1,Non-enzyme,0.9941450953483582,EC:3.1.3,0.99934,4KT3_A,0.4242,2O8K_A,33.20
WP_014524399.1,Enzyme,0.9995276,EC:2.7.11,0.7621487,7JLU_A,0.5218,3PFI_A,98.60
WP_010939023.1,Non-enzyme,0.9991569519042969,EC number not predicted,N/A,3U97_A,0.7485,3U97_A,99.03
WP_010939024.1,Enzyme,0.8005554,EC:2.7.7,0.8924813,2LPE_A,0.3878,2E6X_C,13.18
WP_010939025.1,Enzyme,0.99463457,EC number not predicted,N/A,1Y6U_A,0.6935,1Y6U_A,99.19
WP_164928130.1,Non-enzyme,0.6432737112045288,EC:3.2.1,0.6878408,2B9K_A,0.5592,2B9K_A,44.01
WP_081448125.1,Non-enzyme,0.9998753070831299,EC:1.14.14,0.9727478,1J7K_A,0.4422,4YKC_A,22.30
WP_010939028.1,Non-enzyme,0.9933196604251862,EC:3.1.3,0.74354804,1NO1_A,0.6514,1NO1_C,99.36
WP_010939029.1,Enzyme,0.998504,EC number not predicted,N/A,6IG5_D,0.3744,4AYB_Q,1.84
WP_164561408.1,Non-enzyme,0.952396035194397,EC number not predicted,N/A,4Y66_C,0.5513,2OG0_B,87.84
WP_014524394.1,Enzyme,0.81550974,EC number not predicted,N/A,5U89_A,0.4781,2VYC_C,40.32
WP_014524392.1,Non-enzyme,0.7709230482578278,EC:1.6.5,0.9979427,2CF7_E,0.5963,1K1F_B,7.07
WP_010939040.1,Non-enzyme,0.9968450367450714,EC number not predicted,N/A,1YSM_A,0.5024,3FF5_A,36.08
WP_014524391.1,Non-enzyme,0.8349376320838928,EC:1.9.3,0.5975777,1NLW_A,0.5529,1LXN_A,23.84
WP_010939042.1,Enzyme,0.967268,EC number not predicted,N/A,3R1F_P,0.6771,2KPJ_A,98.82
WP_010939043.1,Non-enzyme,0.9711178839206696,EC:1.11.1,0.7651811,1JOC_A,0.5249,5M3K_B,86.78
WP_014524389.1,Enzyme,0.9885622,EC number not predicted,N/A,2QL8_A,0.5324,3FP9_A,55.53
WP_010939044.1,Non-enzyme,0.9998320043087006,EC:2.7.7,0.66986144,6PIJ_J,0.7212,1Z4H_A,98.95
WP_010939062.1,Enzyme,0.8250289,EC:2.1.1,0.88358027,5Y6F_A,0.7487,5KEC_A,99.83
WP_010939082.1,Non-enzyme,0.9999866592788749,EC number not predicted,N/A,6GQN_B,0.3747,2MFR_A,86.18
WP_010940655.1,Enzyme,0.9868039,EC:2.4.1,0.9766035,6AN0_A,0.8012,4G07_A,100.00
WP_150103619.1,Non-enzyme,0.999765932559967,EC:1.3.7,0.9569471,2M6O_A,0.5339,4C2M_B,35.96
WP_014524383.1,Non-enzyme,0.9959450364112854,EC:3.2.1,0.95488936,5XZC_A,0.4403,2HEQ_A,78.28
WP_010939108.1,Enzyme,0.9998414,EC number not predicted,N/A,2VDC_F,0.7897,2VDC_A,100.00
WP_010939113.1,Non-enzyme,0.9984638392925262,EC number not predicted,N/A,6Y17_C,0.4650,4V9F_1,32.80
WP_010939117.1,Non-enzyme,0.977818101644516,EC number not predicted,N/A,5Y6F_A,0.6218,5KEC_A,99.79
WP_010939131.1,Non-enzyme,0.9999265787846525,EC number not predicted,N/A,2LD3_A,0.7090,5GNP_A,49.15
WP_010939139.1,Non-enzyme,0.9999779449426569,EC number not predicted,N/A,3VJF_B,0.5296,5LO4_A,85.17
WP_014524380.1,Enzyme,0.9959805,EC number not predicted,N/A,1DE4_G,0.4662,3KGK_B,69.12
WP_010939151.1,Non-enzyme,0.9945906102657318,EC:1.11.1,0.6103873,2Z1A_A,0.4514,2Z1A_A,70.75
WP_010939152.1,Enzyme,0.999455,EC:3.1.1,0.73847556,3GVE_A,0.8569,5H7W_B,99.87
WP_010939166.1,Non-enzyme,0.9905610084533691,EC:3.2.1,0.96243584,2X9Q_B,0.4274,3KTB_A,67.24
WP_010939173.1,Enzyme,0.99919116,EC number not predicted,N/A,1XFI_A,0.5279,2Q40_A,100.00
WP_010939180.1,Non-enzyme,0.9999977278334882,EC number not predicted,N/A,2D9K_A,0.5829,1VD4_A,98.36
WP_011792157.1,Non-enzyme,0.999992486692463,EC:3.1.11,0.9469917,2D8D_A,0.4897,6MEZ_B,34.30
WP_010939229.1,Non-enzyme,0.9998906569453538,EC:3.4.21,0.71725035,3ON0_D,0.4288,4LPZ_D,36.88
WP_010939234.1,Non-enzyme,0.9999857918728594,EC number not predicted,N/A,3HIE_C,0.6392,6DG6_E,27.64
WP_010939241.1,Non-enzyme,0.9615058302879333,EC number not predicted,N/A,5A7D_B,0.7103,1N94_A,99.90
WP_014524365.1,Non-enzyme,0.9974004924297333,EC number not predicted,N/A,1NLW_A,0.3510,4B2U_A,8.73
WP_010939266.1,Enzyme,0.77813435,EC:2.3.2,0.76587176,2B0H_A,0.6507,2KRU_A,36.14
WP_010939276.1,Non-enzyme,0.8846520483493805,EC:3.2.1,0.9997188,2P3P_A,0.6881,2P3P_B,100.00
WP_010939277.1,Enzyme,0.9997613,EC number not predicted,N/A,5FB9_A,0.4421,5VID_F,24.43
WP_164928132.1,Non-enzyme,0.9999992263501554,EC number not predicted,N/A,5J0N_F,0.6103,3JU0_A,98.87
WP_010939290.1,Non-enzyme,0.9999585413352179,EC number not predicted,N/A,2HU9_A,0.6853,2HU9_A,99.22
WP_010939305.1,Enzyme,0.9994385,EC number not predicted,N/A,4ETX_A,0.4802,3FOV_A,84.18
WP_010939313.1,Enzyme,0.99769366,EC number not predicted,N/A,5EAN_A,0.5795,3SM4_C,99.54
WP_010939314.1,Non-enzyme,0.9994772672653198,EC number not predicted,N/A,2WNY_A,0.5105,2KRX_A,20.90
WP_010939319.1,Enzyme,0.8756448,EC number not predicted,N/A,4HRV_B,0.5402,5BNF_B,26.20
WP_010939320.1,Enzyme,0.9940954,EC number not predicted,N/A,1BRT_A,0.7791,1ILO_A,17.01
WP_010939323.1,Enzyme,0.81558526,EC number not predicted,N/A,1YVR_A,0.4865,6QT8_A,99.29
WP_010939325.1,Non-enzyme,0.9528748989105225,EC number not predicted,N/A,1TAF_A,0.3808,2VR0_F,75.79
WP_014524452.1,Non-enzyme,0.9993513822555542,EC number not predicted,N/A,3UCS_A,0.5719,1Z4H_A,98.88
WP_010939329.1,Enzyme,0.99951625,EC number not predicted,N/A,5OQM_l,0.4697,2DSY_B,50.80
WP_010939335.1,Enzyme,0.7165984,EC:2.1.1,0.9978335,6Y50_q,0.3770,6QBK_A,35.83
WP_010940661.1,Enzyme,0.9824544,EC:3.1.22,0.9683952,3TMB_B,0.6159,3TM8_A,97.13
WP_010939349.1,Enzyme,0.98571867,EC:2.4.1,0.7929151,5IR6_A,0.8421,6RX4_A,100.00
WP_014524456.1,Non-enzyme,0.9999326579199987,EC number not predicted,N/A,3BPQ_A,0.4397,5OK8_A,71.59
WP_010940668.1,Enzyme,0.67159706,EC:1.6.5,0.52347887,6PFJ_T,0.5208,2M67_A,53.36
WP_164928135.1,Non-enzyme,0.9998572170734406,EC number not predicted,N/A,1KG1_A,0.5549,2HW4_A,23.79
WP_014524458.1,Enzyme,0.9981097,EC:3.6.1,0.8656648,7DB8_B,0.7009,4P72_A,99.78
WP_041722671.1,Non-enzyme,0.9017944037914276,EC number not predicted,N/A,3W6Q_B,0.2884,4V8M_AD,37.25
WP_010939385.1,Enzyme,0.98851943,EC number not predicted,N/A,1O13_A,0.8618,1EO1_A,99.87
WP_014524461.1,Non-enzyme,0.9998906379623804,EC number not predicted,N/A,1SGV_A,0.4447,4RGI_A,83.89
WP_010939397.1,Non-enzyme,0.8096344769001007,EC number not predicted,N/A,6X66_HK,0.3040,5CYB_A,87.31
WP_010939407.1,Enzyme,0.58336115,EC number not predicted,N/A,4XXX_A,0.4211,1DD4_C,10.95
WP_010939409.1,Non-enzyme,0.7407466769218445,EC:1.9.3,0.999893,1AJ3_A,0.3872,6XQN_E,55.63
WP_010939412.1,Non-enzyme,0.9680363237857819,EC number not predicted,N/A,1YG2_A,0.5168,3HE5_E,86.18
WP_010939428.1,Non-enzyme,0.9998354315757751,EC:3.1.11,0.7469181,2HG7_A,0.6734,2HG7_A,99.87
WP_010939429.1,Enzyme,0.9991205,EC:2.3.1,0.79353,5KCA_A,0.5467,2JG9_A,39.68
WP_010939433.1,Non-enzyme,0.9998226165771484,EC number not predicted,N/A,6TEH_A,0.7438,6TEB_C,97.74
WP_041722685.1,Enzyme,0.9247785,EC number not predicted,N/A,2DMN_A,0.7059,6S0Z_O,29.58
WP_010939435.1,Non-enzyme,0.9984001517295837,EC:2.7.7,0.9641268,1PN5_A,0.3770,2N5J_A,67.61
WP_010939436.1,Enzyme,0.9955343,EC number not predicted,N/A,5NGJ_B,0.7254,5NGJ_B,99.27
WP_010939437.1,Enzyme,0.99888456,EC number not predicted,N/A,6TE9_F,0.6493,2LFP_A,93.26
WP_010939438.1,Enzyme,0.8510586,EC number not predicted,N/A,5LLY_C,0.4492,6A6X_C,59.07
WP_014524471.1,Non-enzyme,0.9983305037021637,EC:2.1.1,0.8528696,5KBX_B,0.8213,1E9K_A,52.33
WP_010939440.1,Enzyme,0.7179295,EC:2.7.7,0.58302385,2M66_A,0.7154,3B1S_B,58.87
WP_010939444.1,Non-enzyme,0.9999908558911557,EC number not predicted,N/A,6XTY_A,0.6106,5GHR_B,89.28
WP_010939449.1,Enzyme,0.6232394,EC number not predicted,N/A,2L6Q_A,0.6247,2L6R_A,97.67
WP_010939451.1,Non-enzyme,0.9935578107833862,EC:2.3.1,0.8660203,5F5W_A,0.4602,3NPD_A,21.43
WP_010939458.1,Enzyme,0.9986068,EC number not predicted,N/A,6IXE_A,0.4818,4E6E_A,47.93
WP_010939461.1,Non-enzyme,0.9258272349834442,EC number not predicted,N/A,6IAN_C,0.3761,6HN7_B,95.77
WP_010939462.1,Non-enzyme,0.9131261706352234,EC number not predicted,N/A,5IFM_B,0.3804,5D4N_A,32.46
WP_010940664.1,Non-enzyme,0.9077353775501251,EC number not predicted,N/A,6WT4_B,0.4754,2K9Q_A,82.61
WP_010939467.1,Enzyme,0.727184,EC:2.3.1,0.61569,6CFZ_G,0.6017,1NH2_B,14.71
WP_014524482.1,Non-enzyme,0.9983307421207428,EC:3.1.26,0.99630547,5KL4_A,0.4146,1DP7_P,68.27
WP_010939469.1,Non-enzyme,0.8433855772018433,EC number not predicted,N/A,6R3E_B,0.4680,2KDX_A,71.03
WP_010939470.1,Enzyme,0.6983814,EC:3.1.26,0.99918664,2BV6_A,0.4911,1RWJ_A,64.36
WP_010939473.1,Non-enzyme,0.9647753536701202,EC number not predicted,N/A,2QKD_A,0.6740,3WWL_A,95.96
WP_010939475.1,Non-enzyme,0.9996102154254913,EC:4.1.1,0.9882029,6HPC_A,0.6765,3MZY_A,74.05
WP_010939481.1,Non-enzyme,0.9997964203357697,EC number not predicted,N/A,5CY2_F,0.6937,1ZR2_A,99.62
WP_010939487.1,Enzyme,0.82937264,EC:3.1.1,0.79572225,2OMD_B,0.8526,4AP8_C,100.00
WP_010939495.1,Non-enzyme,0.9993729889392853,EC number not predicted,N/A,1RR7_A,0.6925,1RR7_A,99.35
WP_010939498.1,Enzyme,0.99562967,EC:5.3.3,0.580139,4GEH_A,0.5917,4UY3_A,32.25
WP_010939499.1,Enzyme,0.99833345,EC number not predicted,N/A,6CT0_0,0.6375,6H55_A,98.75
WP_010939507.1,Non-enzyme,0.9980722963809967,EC:3.6.1,0.9997531,2LQG_A,0.6023,3O39_B,28.03
WP_014524486.1,Enzyme,0.62112206,EC:3.2.1,0.807058,5LF8_A,0.2883,1P4Q_A,13.71
WP_010939510.1,Non-enzyme,0.9999974891370584,EC number not predicted,N/A,3MC3_A,0.8527,2D1P_D,99.11
WP_010940656.1,Non-enzyme,0.8907471895217896,EC:2.7.7,0.99999833,5YK5_C,0.5207,4G6T_B,80.75
WP_010939536.1,Enzyme,0.99646246,EC:3.5.1,0.73370546,3S29_H,0.5766,3OY2_A,99.79
WP_010939559.1,Enzyme,0.9954246,EC:1.6.5,0.60190237,6GV8_A,0.4545,1QCR_D,6.01
WP_010940659.1,Enzyme,0.9909183,EC:2.7.7,0.9985124,4OOJ_A,0.4047,4G6T_B,85.38
WP_010939597.1,Enzyme,0.971131,EC:3.1.26,0.9044703,4O8A_A,0.4801,1EA4_F,51.88
WP_049775581.1,Non-enzyme,0.9898991584777832,EC:2.7.1,0.7338151,5MGX_E,0.5935,5L0Y_H,99.26
WP_164928137.1,Non-enzyme,0.9994526207447052,EC:1.1.1,0.90467525,2LKZ_A,0.3114,6XTY_4,20.08
WP_010939608.1,Enzyme,0.67625034,EC:2.4.1,0.9861388,2C1I_A,0.4824,2NLY_A,99.90
WP_010939618.1,Non-enzyme,0.9992696344852448,EC:3.2.1,0.9301901,6LCB_A,0.3234,6XYB_C,12.59
WP_010939624.1,Enzyme,0.99948096,EC number not predicted,N/A,2RBD_A,0.5498,6HWH_B,30.32
WP_010939654.1,Enzyme,0.9894363,EC number not predicted,N/A,6XJH_B,0.7537,5DO7_A,95.45
WP_010940660.1,Enzyme,0.9989265,EC number not predicted,N/A,1TR2_B,0.5410,4GWQ_A,22.44
WP_150103623.1,Enzyme,0.998871,EC number not predicted,N/A,5TBF_A,0.6391,1REP_C,99.53
WP_010939686.1,Enzyme,0.9457246,EC number not predicted,N/A,7JSN_B,0.4683,3HJL_A,99.93
WP_010939692.1,Enzyme,0.90878856,EC number not predicted,N/A,3ZNU_G,0.7464,1MWQ_A,99.64
WP_011791841.1,Enzyme,0.9999957,EC number not predicted,N/A,4LJR_B,0.6516,2NX2_A,99.46
WP_011791839.1,Enzyme,0.99131435,EC number not predicted,N/A,2RHU_A,0.5703,5DMA_A,98.13
WP_014524519.1,Enzyme,0.99579763,EC number not predicted,N/A,4ARE_A,0.5485,3VZ9_B,39.22
WP_010939718.1,Non-enzyme,0.9811690747737885,EC number not predicted,N/A,2BTW_B,0.7186,2BTW_B,98.67
WP_011791831.1,Non-enzyme,0.8971470892429352,EC number not predicted,N/A,2OWY_A,0.6442,2OWL_A,98.45
WP_010939734.1,Enzyme,0.99960005,EC:6.3.2,0.52020156,6F38_n,0.4970,2MHC_A,25.52
WP_010939744.1,Non-enzyme,0.6502242386341095,EC number not predicted,N/A,1YPY_A,0.3454,1SGV_B,5.08
WP_010939755.1,Non-enzyme,0.9996776580810547,EC:1.6.5,1.0,5IR6_A,0.8065,5IR6_A,99.94
WP_010939781.1,Non-enzyme,0.9999800355617481,EC number not predicted,N/A,6H9N_B,0.7130,6H9N_B,99.51
WP_010939792.1,Enzyme,0.9965066,EC number not predicted,N/A,1KZG_A,0.4286,6PPC_A,61.00
WP_010939819.1,Non-enzyme,0.9992048442363739,EC number not predicted,N/A,6UMM_A,0.5323,5CFI_A,68.36
WP_010939826.1,Non-enzyme,0.9871058166027069,EC number not predicted,N/A,5CEG_C,0.4820,1EA4_F,90.10
WP_014524530.1,Enzyme,0.99005413,EC number not predicted,N/A,5BUX_B,0.6486,5BUY_A,99.49
WP_010939843.1,Non-enzyme,0.9997760355472565,EC number not predicted,N/A,6S0K_k,0.2832,5MX2_R,88.29
WP_010939849.1,Non-enzyme,0.9549049735069275,EC number not predicted,N/A,3GYZ_A,0.5439,5AIO_A,99.33
WP_010939862.1,Non-enzyme,0.9978975653648376,EC:3.6.1,0.9237149,3F1I_H,0.4873,5KDO_G,10.50
WP_014524532.1,Enzyme,0.99893594,EC number not predicted,N/A,5JSD_A,0.4858,6OV6_A,99.62
WP_164562126.1,Non-enzyme,0.9999509772169404,EC number not predicted,N/A,4RSJ_A,0.5189,5Z08_D,7.27
WP_010939865.1,Enzyme,0.9998274,EC:2.7.7,0.9999053,4R9M_A,0.7756,4E2A_B,99.40
WP_010939868.1,Enzyme,0.9995148,EC number not predicted,N/A,6R21_Q,0.8665,5MU4_A,100.00
WP_010939869.1,Non-enzyme,0.9999115666578291,EC number not predicted,N/A,1I6Z_A,0.3277,4V2T_K,35.10
WP_010939870.1,Non-enzyme,0.9995883703231812,EC number not predicted,N/A,3J4U_K,0.6812,3J4U_L,99.58
WP_010940670.1,Enzyme,0.99948627,EC number not predicted,N/A,3J40_F,0.9289,3J4U_E,100.00
WP_014524534.1,Non-enzyme,0.9948481321334839,EC number not predicted,N/A,4BM5_A,0.3563,5VMR_D,29.20
WP_010939872.1,Non-enzyme,0.9757630527019501,EC number not predicted,N/A,3LXR_F,0.4971,4L3U_A,14.27
WP_010939873.1,Enzyme,0.99847746,EC:6.1.1,0.9164734,6QWP_F,0.8473,6QWP_C,100.00
WP_011791744.1,Non-enzyme,0.9999672092490073,EC number not predicted,N/A,5C3I_D,0.2581,6PX3_S,45.85
WP_010939875.1,Non-enzyme,0.9906857907772064,EC number not predicted,N/A,5OS9_B,0.4251,4ACV_B,8.94
WP_010939876.1,Non-enzyme,0.739644318819046,EC:2.5.1,0.9829777,5Y6F_A,0.6101,5KEC_A,97.27
WP_014524535.1,Non-enzyme,0.7727869153022766,EC number not predicted,N/A,3TCV_B,0.6503,5IX3_A,99.55
WP_010939880.1,Enzyme,0.996858,EC:1.14.13,0.71358865,3EZK_E,0.8048,3EZK_B,100.00
WP_014524537.1,Enzyme,0.9877168,EC number not predicted,N/A,3D59_B,0.6366,5HDF_B,99.83
WP_010939890.1,Enzyme,0.9973192,EC:3.5.2,0.9277307,4B7J_A,0.3626,4IPA_C,34.28
WP_010939892.1,Enzyme,0.9995581,EC number not predicted,N/A,3JC8_Nj,0.5996,3JC8_Oa,90.08
WP_010939895.1,Non-enzyme,0.9932866990566254,EC number not predicted,N/A,7C7L_A,0.5840,2DS5_B,91.87
WP_010939896.1,Non-enzyme,0.9447256922721863,EC number not predicted,N/A,6V4X_A,0.5311,4IMH_B,19.53
WP_010939898.1,Enzyme,0.9982635,EC number not predicted,N/A,6HXO_G,0.3653,3CJL_A,17.29
WP_011791730.1,Non-enzyme,0.9969471096992493,EC number not predicted,N/A,3EZ9_B,0.6005,1Y6U_A,98.77
WP_010939900.1,Non-enzyme,0.7300503849983215,EC number not predicted,N/A,4DNI_A,0.6075,1WOC_C,89.37
WP_010939901.1,Non-enzyme,0.9999996853105699,EC number not predicted,N/A,4YON_A,0.4427,3HZ7_A,39.73
WP_010939903.1,Non-enzyme,0.9957309067249298,EC number not predicted,N/A,6QLZ_A,0.4499,5TDY_C,29.39
WP_010939907.1,Enzyme,0.9973042,EC number not predicted,N/A,4H6Y_B,0.5520,3F5R_A,45.23
WP_010939909.1,Non-enzyme,0.9968062043190002,EC number not predicted,N/A,3FO5_A,0.5389,3ZBI_L,78.76
WP_010939911.1,Non-enzyme,0.5541274547576904,EC number not predicted,N/A,2ZZE_B,0.9129,3KEW_A,99.93
WP_014524543.1,Enzyme,0.8397213,EC:3.2.1,0.88839895,6PYR_A,0.4548,2EBF_X,40.34
WP_010939921.1,Non-enzyme,0.9723334908485413,EC:2.3.1,0.92958134,1P35_A,0.5077,2EBF_X,36.99
WP_010939932.1,Enzyme,0.9790437,EC:5.3.1,0.9813297,6PSY_A,0.8079,2NO5_B,99.65
WP_010939945.1,Non-enzyme,0.9553833603858948,EC:2.3.1,0.67501867,4MCX_C,0.6746,2K9Q_A,97.02
WP_010939950.1,Non-enzyme,0.9969380497932434,EC number not predicted,N/A,5E1L_A,0.5151,5LUP_C,30.59
WP_014524550.1,Enzyme,0.74798477,EC number not predicted,N/A,6ZM6_J,0.6149,2K9Q_A,94.06
WP_014524554.1,Enzyme,0.72469306,EC number not predicted,N/A,2P2U_B,0.6222,5U59_A,71.06
WP_010939961.1,Non-enzyme,0.9999992124135133,EC number not predicted,N/A,6K5X_A,0.5373,5VID_F,82.72
WP_010939962.1,Enzyme,0.88396806,EC:2.7.7,0.9928682,2M3L_A,0.5212,1SVD_M,64.37
WP_010939963.1,Enzyme,0.9992809,EC number not predicted,N/A,6R3E_B,0.6651,2RE3_A,37.92
WP_010939966.1,Non-enzyme,0.9995712339878082,EC number not predicted,N/A,5KS5_A,0.5566,5KS5_A,98.39
WP_010939969.1,Non-enzyme,0.9999893042731856,EC number not predicted,N/A,5WLQ_A,0.3755,4Q4G_X,36.66
WP_014524556.1,Non-enzyme,0.9984672367572784,EC:1.11.1,0.7527128,1AM9_C,0.4545,3ZBI_L,94.77
WP_010939971.1,Non-enzyme,0.9999928075367279,EC number not predicted,N/A,5J73_A,0.6308,3JC8_Oa,88.95
WP_010939972.1,Non-enzyme,0.9962149262428284,EC number not predicted,N/A,4W7Z_C,0.5922,2XZR_A,85.02
WP_010940676.1,Enzyme,0.9826182,EC:2.5.1,0.99859047,7AE6_B,0.6940,3C8G_A,95.78
WP_010939980.1,Non-enzyme,0.9992379546165466,EC number not predicted,N/A,2OUT_A,0.5001,2OUT_A,98.81
WP_010939985.1,Non-enzyme,0.8515627384185791,EC number not predicted,N/A,5YJJ_B,0.5318,6G6F_D,60.86
WP_010939987.1,Non-enzyme,0.9903437197208405,EC number not predicted,N/A,6RAP_A,0.6648,3HNW_B,38.07
WP_010939988.1,Non-enzyme,0.9988639652729034,EC number not predicted,N/A,3KLU_A,0.6347,2OB9_B,54.91
WP_010939990.1,Enzyme,0.9998404,EC number not predicted,N/A,5UE8_A,0.4998,6J0N_f,93.19
WP_010939993.1,Non-enzyme,0.9999546169092355,EC number not predicted,N/A,1ISE_A,0.4661,3A0B_x,69.10
WP_010939994.1,Non-enzyme,0.982424408197403,EC number not predicted,N/A,2IA7_A,0.8773,6U5K_B,99.68
WP_010940672.1,Enzyme,0.9942825,EC number not predicted,N/A,4XHP_A,0.5510,6BQW_F,80.27
WP_010940012.1,Enzyme,0.9997617,EC:2.1.1,0.8424868,6R77_A,0.7915,6JIW_A,99.95
WP_010940013.1,Enzyme,0.7874545,EC:2.4.1,0.99999774,6F38_n,0.4886,3O0F_A,99.79
WP_011791684.1,Enzyme,0.9971609,EC number not predicted,N/A,6YII_A,0.6658,5X4T_A,99.70
WP_010940027.1,Non-enzyme,0.9994171261787415,EC number not predicted,N/A,2F66_A,0.4669,6DXR_B,54.73
WP_010940032.1,Non-enzyme,0.6245560944080353,EC number not predicted,N/A,3HZ7_A,0.6695,3CP8_A,15.03
WP_010940044.1,Non-enzyme,0.9430910348892212,EC:2.1.1,0.9999372,4OX0_B,0.6670,5J0J_C,83.86
WP_014524569.1,Non-enzyme,0.6839651465415955,EC:3.1.26,0.97731364,3NKU_A,0.4197,1O5H_A,16.00
WP_010940055.1,Non-enzyme,0.5696927309036255,EC number not predicted,N/A,5YS3_A,0.9696,5YS3_A,100.00
WP_014524572.1,Non-enzyme,0.9985014796257019,EC number not predicted,N/A,6BT4_A,0.4333,1Q90_R,87.88
WP_010940069.1,Enzyme,0.9996811,EC:2.4.2,0.9488228,6O3E_B,0.5112,2MMU_A,8.20
WP_010940095.1,Non-enzyme,0.9999554525311396,EC number not predicted,N/A,1Y6U_A,0.6355,1Z4H_A,99.00
WP_010940096.1,Non-enzyme,0.9965780079364777,EC number not predicted,N/A,1UTY_A,0.4739,2CO3_B,38.04
WP_014524576.1,Non-enzyme,0.999315083026886,EC:2.7.7,0.9972786,4L3I_A,0.6728,4X3H_A,32.93
WP_010940097.1,Non-enzyme,0.9998267889022827,EC number not predicted,N/A,5Z1V_D,0.4844,6VQV_A,67.09
WP_010940099.1,Non-enzyme,0.9891380965709686,EC number not predicted,N/A,4M70_A,0.5070,5H1N_B,56.70
WP_010940100.1,Enzyme,0.99994487,EC number not predicted,N/A,2ZDI_C,0.3944,6YJ4_i,13.37
WP_010940103.1,Enzyme,0.99968946,EC:3.1.21,0.7381326,5HR4_J,0.5596,3H1T_A,98.83
WP_010940105.1,Enzyme,0.6207738,EC number not predicted,N/A,2XUB_A,0.5667,5TF3_A,34.42
WP_010940106.1,Enzyme,0.99962646,EC:3.2.2,0.771279,4L3I_A,0.5135,3D36_C,14.84
WP_010940110.1,Enzyme,0.99934876,EC number not predicted,N/A,2X7V_A,0.7623,2HK1_D,96.08
WP_010940113.1,Non-enzyme,0.9997380971908569,EC number not predicted,N/A,1J4W_A,0.5105,6AZ6_A,57.95
WP_014524579.1,Non-enzyme,0.991348534822464,EC number not predicted,N/A,6V8I_AF,0.4844,6V8I_AF,98.01
WP_010940125.1,Non-enzyme,0.9999752687253931,EC:2.4.2,0.99481213,3FZ2_J,0.6657,3FZ2_J,99.73
WP_010940128.1,Enzyme,0.9841362,EC:2.1.1,0.6986297,6V40_A,0.8568,6V40_A,100.00
WP_010940130.1,Non-enzyme,0.9887475073337555,EC:5.2.1,0.99998975,6U0M_B,0.4790,5GHS_D,81.43
WP_010940133.1,Non-enzyme,0.9468614459037781,EC:1.14.14,0.5854121,2L6Q_A,0.5298,2L6R_A,98.02
WP_010940134.1,Enzyme,0.7377018,EC number not predicted,N/A,6R3E_B,0.6659,4MCT_D,33.59
WP_010940137.1,Non-enzyme,0.9658099412918091,EC:2.7.7,0.8407291,6XNS_E,0.4507,6HN7_B,97.23
WP_014524585.1,Enzyme,0.99979585,EC number not predicted,N/A,4BQN_A,0.9216,4BQN_B,100.00
WP_010940168.1,Non-enzyme,0.932432234287262,EC number not predicted,N/A,5JSZ_D,0.8977,5JSZ_D,99.93
WP_010940178.1,Non-enzyme,0.9059395790100098,EC:3.1.26,0.9998449,5B7J_A,0.3894,2LWA_A,26.08
WP_150100223.1,Non-enzyme,0.9944077730178833,EC number not predicted,N/A,4S23_A,0.5460,5IA8_A,17.99
WP_010940198.1,Enzyme,0.9996252,EC number not predicted,N/A,4BKW_A,0.4084,5Z2I_B,31.40
WP_014524588.1,Non-enzyme,0.6680715084075928,EC number not predicted,N/A,5DXH_D,0.4575,6H9N_B,89.43
WP_010940206.1,Non-enzyme,0.9999964306091442,EC:2.7.7,0.8756595,6GV8_A,0.5610,1GCM_C,78.14
WP_010940218.1,Non-enzyme,0.9989809989929199,EC:1.6.5,0.99999243,2FJC_B,0.5283,5V2C_Z,10.24
WP_010940220.1,Enzyme,0.81632805,EC number not predicted,N/A,1O13_A,0.8248,2QTD_A,99.86
WP_010940223.1,Enzyme,0.99947774,EC number not predicted,N/A,5IDJ_A,0.8183,6DK7_B,99.74
WP_010940224.1,Enzyme,0.86982846,EC:5.3.2,0.5145922,2E2E_B,0.5931,1NA3_B,86.58
WP_010940233.1,Non-enzyme,0.8330115079879761,EC:1.1.2,0.67287755,7K6B_A,0.3921,6KGX_e3,69.66
WP_164928139.1,Enzyme,0.9987868,EC:2.7.7,0.66981405,2A26_A,0.5609,6QIO_D,45.11
WP_014524594.1,Enzyme,0.9992063,EC number not predicted,N/A,6IWR_E,0.7324,5HEA_B,99.89
WP_014524596.1,Enzyme,0.9998677,EC:1.14.11,0.5015055,3HTX_A,0.5785,6DUB_A,98.81
WP_010940259.1,Enzyme,0.9952601,EC:2.7.1,0.69985414,4NES_A,0.7853,6D9T_A,99.87
WP_014524598.1,Enzyme,0.9076899,EC number not predicted,N/A,5OGL_A,0.6758,5EZM_A,99.62
WP_010940279.1,Non-enzyme,0.8449710607528687,EC:3.6.1,0.98532945,2Y1B_A,0.6608,1VR4_D,99.65
WP_010940302.1,Non-enzyme,0.7987509667873383,EC:1.1.3,0.98494166,6U4B_A,0.6625,3TZT_A,99.17
WP_010940303.1,Enzyme,0.99892867,EC number not predicted,N/A,4QN4_A,0.3982,2MN5_A,12.11
WP_010940332.1,Enzyme,0.77427894,EC number not predicted,N/A,4ATN_A,0.7775,4B17_A,99.61
WP_010940344.1,Enzyme,0.999743,EC number not predicted,N/A,2HW4_A,0.8028,4SGB_I,24.32
WP_011791514.1,Non-enzyme,0.801200807094574,EC number not predicted,N/A,6RWT_A,0.5618,1CF7_B,21.25
WP_010940349.1,Enzyme,0.9999459,EC:3.2.1,0.9999452,3PGU_A,0.8764,3PGU_A,100.00
WP_010940351.1,Enzyme,0.9992932,EC:3.1.1,0.9815313,3P8A_A,0.8174,3P8A_A,99.41
WP_010940357.1,Non-enzyme,0.9996532201766968,EC number not predicted,N/A,7JZZ_K,0.2854,1FI8_D,64.44
WP_011791504.1,Non-enzyme,0.9950269460678101,EC number not predicted,N/A,3JC8_Oi,0.5323,4Q4G_X,35.50
WP_164561964.1,Enzyme,0.6672273,EC:2.3.1,0.99867,1YLE_A,0.5802,5F47_A,98.48
WP_010940415.1,Enzyme,0.9952053,EC number not predicted,N/A,1LNS_A,0.5819,1U2E_A,99.65
WP_010940423.1,Enzyme,0.99999046,EC number not predicted,N/A,3MEM_A,0.6969,3MEM_A,99.62
WP_014524624.1,Enzyme,0.949263,EC:2.4.2,0.96605307,6D04_E,0.3862,3USW_A,9.45
WP_010940431.1,Non-enzyme,0.9958061575889587,EC:2.7.7,0.93396735,1NVP_D,0.6876,1G16_B,45.27
WP_014524625.1,Non-enzyme,0.9996996819972992,EC:4.1.2,0.80157804,6GMA_E,0.4051,4E8B_A,28.84
WP_010940662.1,Non-enzyme,0.9999969567202243,EC number not predicted,N/A,2GS4_A,0.4017,5WUR_B,30.37
WP_011791439.1,Non-enzyme,0.9911029934883118,EC:2.7.7,0.99032277,1VCS_A,0.6205,2ZUS_A,47.60
WP_010940477.1,Enzyme,0.999267,EC number not predicted,N/A,2YB4_A,0.5478,3O0F_A,99.82
WP_010940480.1,Enzyme,0.9995658,EC:5.3.1,0.99999845,1B0Z_A,0.9389,1C7Q_A,100.00
WP_010940483.1,Non-enzyme,0.9995533227920532,EC number not predicted,N/A,5EY0_B,0.5286,3MZY_A,87.61
WP_010940484.1,Non-enzyme,0.9999995789873708,EC:2.7.7,0.9963802,6TUN_A,0.3851,3TEQ_B,26.21
WP_010940508.1,Enzyme,0.9999402,EC number not predicted,N/A,3HSI_B,0.6177,3HSI_A,31.69
WP_010940510.1,Non-enzyme,0.9987976849079132,EC:2.3.2,0.7587744,3E6Z_X,0.3269,6R99_A,15.98
WP_014524635.1,Non-enzyme,0.7699072659015656,EC number not predicted,N/A,2VT1_B,0.8224,2VT1_B,99.71
WP_010940525.1,Enzyme,0.63437706,EC:3.2.2,0.54614675,5B3H_E,0.3524,6IVU_B,12.26
WP_010940526.1,Enzyme,0.9992207,EC number not predicted,N/A,6LRH_A,0.7985,3C2Q_B,100.00
WP_010940531.1,Non-enzyme,0.9593447744846344,EC number not predicted,N/A,2XV9_A,0.3937,3DD7_A,53.57
WP_010940532.1,Enzyme,0.99954885,EC number not predicted,N/A,3ZQB_A,0.5017,4L0N_E,5.59
WP_010940538.1,Non-enzyme,0.9746685326099396,EC:4.1.1,0.5538109,2Z4S_A,0.5388,6C62_C,30.55
WP_010940540.1,Non-enzyme,0.9463842213153839,EC number not predicted,N/A,1NKP_B,0.5050,3T38_B,88.73
WP_011791395.1,Enzyme,0.57583714,EC number not predicted,N/A,1EA0_A,0.9038,1EA0_A,100.00
WP_010940553.1,Enzyme,0.55727553,EC number not predicted,N/A,5J4O_A,0.5404,1KQF_C,26.14
WP_010940557.1,Non-enzyme,0.9985720813274384,EC:1.9.3,0.82488763,1NKP_B,0.3682,1KB9_I,44.40
WP_010940558.1,Non-enzyme,0.9892767369747162,EC number not predicted,N/A,4R2K_A,0.6538,5AHW_E,99.45
WP_014524641.1,Non-enzyme,0.9995771050453186,EC number not predicted,N/A,2N64_A,0.5423,3K1S_E,65.67
WP_014524645.1,Non-enzyme,0.9113706350326538,EC number not predicted,N/A,2KDX_A,0.4438,4V4N_Ag,98.05
WP_010940584.1,Non-enzyme,0.9997595250606537,EC:3.1.26,0.9999992,4GGT_B,0.5026,6WUC_W,17.54
WP_010940586.1,Non-enzyme,0.9997310042381287,EC:2.7.1,0.856805,5KS6_A,0.4780,6ITH_A,76.59
WP_010940589.1,Non-enzyme,0.9998861607091385,EC:3.1.26,0.99981546,3J09_A,0.5691,5ZNE_A,98.63
WP_010940601.1,Enzyme,0.8372134,EC:3.2.1,0.52689517,6T36_A,0.4395,5Z1L_L,71.00
WP_010940657.1,Non-enzyme,0.9998278915882111,EC:3.6.1,0.9924275,6O1Q_A,0.8197,3ONJ_A,94.24
WP_010940671.1,Non-enzyme,0.9994620382785797,EC number not predicted,N/A,4ZBY_A,0.4706,1L9G_A,95.24
WP_010940614.1,Enzyme,0.89298415,EC:4.4.1,0.9998324,7BBD_B,0.4715,3BPQ_A,97.28
WP_010940642.1,Enzyme,0.85492694,EC number not predicted,N/A,4NSO_A,0.6359,4NOO_C,100.00
WP_014524179.1,Enzyme,0.6015331,EC number not predicted,N/A,6TUT_O,0.3942,2DAM_A,56.23
WP_011176581.1,Non-enzyme,0.8287352025508881,EC number not predicted,N/A,6V8I_AF,0.4020,3EET_A,94.89
WP_014524652.1,Non-enzyme,0.99999421750681,EC:2.7.7,0.9959575,2C0S_A,0.5292,3IP4_C,44.11
WP_011176606.1,Non-enzyme,0.9987166523933411,EC number not predicted,N/A,5EJ1_A,0.7592,4I86_B,99.30
WP_011176612.1,Non-enzyme,0.9324508309364319,EC number not predicted,N/A,6DC6_C,0.5146,2YMV_A,100.00
WP_014524657.1,Non-enzyme,0.9995702803134918,EC:3.2.1,0.55230194,5EJ1_A,0.7144,4RT1_B,99.06
WP_011176625.1,Enzyme,0.99960834,EC number not predicted,N/A,3LN7_A,0.5864,3VPC_A,99.55
WP_014524664.1,Enzyme,0.9868017,EC number not predicted,N/A,5FKT_B,0.5548,5FKT_B,100.00
WP_011176646.1,Non-enzyme,0.7734059691429138,EC number not predicted,N/A,5F15_A,0.5853,5F15_A,99.35
WP_150103632.1,Enzyme,0.9999367,EC number not predicted,N/A,6HNJ_A,0.6604,4WZZ_A,99.81
WP_011176670.1,Non-enzyme,0.9993085861206055,EC:5.2.1,0.8142993,1YG2_A,0.5415,6XY1_C,80.62
WP_014524678.1,Non-enzyme,0.9321592748165131,EC:2.7.7,0.8995429,2P9X_D,0.5593,2P9X_A,22.96
WP_014524680.1,Enzyme,0.8821622,EC number not predicted,N/A,6IWW_C,0.4211,5E26_B,23.67
WP_011176733.1,Non-enzyme,0.9999815176270204,EC number not predicted,N/A,6NRC_1,0.5843,1YBX_A,68.57
WP_014524683.1,Non-enzyme,0.9998916310141794,EC number not predicted,N/A,7KHW_e,0.8225,1XOU_A,99.81
WP_011176692.1,Non-enzyme,0.9748320579528809,EC:3.1.11,0.8578875,2UWJ_E,0.8902,2Q1K_C,99.77
WP_014524686.1,Enzyme,0.989228,EC number not predicted,N/A,3A5X_A,0.3848,6PEP_AP,40.27
WP_011176730.1,Enzyme,0.9979831,EC:3.1.3,0.59604293,6UIE_B,0.6100,3WMJ_B,10.75
WP_014524689.1,Non-enzyme,0.9997305572032928,EC number not predicted,N/A,4W8J_A,0.4572,5YRX_A,23.32
WP_150103631.1,Non-enzyme,0.998915046453476,EC number not predicted,N/A,2FTC_I,0.3433,5J8A_AR,15.28
WP_011176726.1,Enzyme,0.67782795,EC number not predicted,N/A,4WBD_A,0.5419,3ZUQ_A,93.72
WP_164928147.1,Non-enzyme,0.9998692274093628,EC:2.7.7,0.95189834,6XYW_AC,0.2635,4J6S_G,13.18
